certificate_id,student_nis,filename
328e07c32o4g92ic,222310096,222310096_328e07c32o4g92ic.pdf
udl864805fwm9gn9,222310097,222310097_udl864805fwm9gn9.pdf
ic5ww824sspi9r08,222310106,222310106_ic5ww824sspi9r08.pdf
9839gf1l4895es2a,222310107,222310107_9839gf1l4895es2a.pdf
2ztq40v458o4r2i2,222310114,222310114_2ztq40v458o4r2i2.pdf
mvx0nk22w0291l3,232410006,232410006_mvx0nk22w0291l3.pdf
q12v4bnp39a4ege0,232410007,232410007_q12v4bnp39a4ege0.pdf
d4la4vr0y7g52hnf,232410010,232410010_d4la4vr0y7g52hnf.pdf
h2n7968m02gm3f2c,232410012,232410012_h2n7968m02gm3f2c.pdf
k30327449v9g3dj99,232410014,232410014_k30327449v9g3dj99.pdf
wqtxm4757a498kc8,232410020,232410020_wqtxm4757a498kc8.pdf
5af8q43g99103p9n,232410022,232410022_5af8q43g99103p9n.pdf
6ju860n3o8an56h5,232410027,232410027_6ju860n3o8an56h5.pdf
1ah4vopgghvh6d3p,232410028,232410028_1ah4vopgghvh6d3p.pdf
z2grt68113791u1,232410039,232410039_z2grt68113791u1.pdf
j7u43928dso31hy,232410046,232410046_j7u43928dso31hy.pdf
64w1zah321g2754,232410070,232410070_64w1zah321g2754.pdf
47neel5nhd968888,232410073,232410073_47neel5nhd968888.pdf
2iaz2zl57knnd344,232410087,232410087_2iaz2zl57knnd344.pdf
e3c2n2cl2juxd281,232410089,232410089_e3c2n2cl2juxd281.pdf
1e5t854il4irtz972,232410099,232410099_1e5t854il4irtz972.pdf
l2gjp48c4qxb2n03,232410104,232410104_l2gjp48c4qxb2n03.pdf
8p7qba9z5251n508,232410105,232410105_8p7qba9z5251n508.pdf
bqr6187t69836v3q,232410109,232410109_bqr6187t69836v3q.pdf
j8zg8nq46ckdtf19,232410110,232410110_j8zg8nq46ckdtf19.pdf
nw9307y4e73ecle5,232410112,232410112_nw9307y4e73ecle5.pdf
